build name,Frequency,Code review list,bot name list,Author 1,Author 2,Summary (Solve Disagreement),,,
nova,785,"['I001beb2840496f7950988acc69018244847aa888', 'I009761162817c6ed1035d2208605268dc82d430f', 'I00d1ed22f1aff783ecbaa6e2c59c575a3c67fa23', 'I017083b27cd9d145eecb01106388d4ce880ba823', 'I019e88fabd1d386c0d6395a7b1969315873485fd', 'I01c63e685113bf30e687ccb14a4d18e344b306f6', 'I020e7dc47efc79f8907b7bfb753ec779a8da69a1', 'I02179e5d1138278021200d2bad7c7d05efda0ea2', 'I02b4e5b48c4974c426b8b576292f27f50565fb4f', 'I02f39d0f97e4cd3e30d477b46215fe1fa5f17f6f']",['nova_hyperv_ci'],Integration test,Integration test,Integration test,,,
check-nova-master,699,"['I001beb2840496f7950988acc69018244847aa888', 'I00d1ed22f1aff783ecbaa6e2c59c575a3c67fa23', 'I013449f62f64125cb463dc699fd41fea352b268e', 'I020e7dc47efc79f8907b7bfb753ec779a8da69a1', 'I02179e5d1138278021200d2bad7c7d05efda0ea2', 'I02305d3df61b7a37e20d3f5339e4820f83a0693d', 'I025a2d14c4126f68e199efa54329797576c50677', 'I036a5ceabe88dcc1fd85c09472481de7d02edf5f', 'I037d9b8c1bb554c3437434cc9a57ddb630dd62f0', 'I039c6490a18213b0b4e640b6ee3c58270314c8a5']",['zvmosci'],Integration test,Integration test,Integration test,,,
tempest-full,677,"['I0176017476c4101f02f0c3c31573f59b0d4a4ce8', 'I0207e97903591fc473dc6248d0213f8499254d0c', 'I029aa08cb7286e1b4cd995642928d667b87afb44', 'I02fffe77f57a513d2362df78885d327042bb8095', 'I0315e85a05c9faced339c3dd1fbb747c1c803add', 'I039c6490a18213b0b4e640b6ee3c58270314c8a5', 'I0409aba55487e92efa6370eed41936bf8a4ef25d', 'I04a0a00b8a33686038754f32c2f722e0e522fc4d', 'I0651417d18ee54e5c8b5b7292c27159b45e9acf3', 'I0717f29209f1354605d2f4128949ddbaefd99629']",['zuul'],Integration test,Integration test,Integration test,,,
neutron-tempest-dvr-ha-multinode-full,667,"['I00c676e234fd9f771d716def7e4388bf33004118', 'I0175a2d00256e6d904cbcf25ad4a08aa825a9e18', 'I0176702a6ec4ac69775e2ecaf4b3a94552bfe486', 'I019fe11ac1ddcf2304f3f144c62d52667fc11dce', 'I022dea485f42cf76c4cec67ee43eed9a3770ec9c', 'I023ccbd405bc41379007d87a9c1051970aa8d603', 'I024b8ef73be69af069e4516dc501df3f5c145419', 'I02ffed238897ebc91b96aebb7f94ed90b7613769', 'I02fffe77f57a513d2362df78885d327042bb8095', 'I03b604c04299bb9504739d41110c915c119ea809']",['zuul'],Integration test,Integration test,Integration test,,,
nova-next,666,"['I0011628b9e4e2a1f69330e570f9bd661369cab24', 'I001beb2840496f7950988acc69018244847aa888', 'I00683acee216c0c0ad87be3eb5ec832f20f054c7', 'I009761162817c6ed1035d2208605268dc82d430f', 'I016bc1812404ce1019c71b7a3363f34acc3f8aed', 'I01c63e685113bf30e687ccb14a4d18e344b306f6', 'I021a2bcb923739409b393cbb2684ffdf20180f73', 'I025a2d14c4126f68e199efa54329797576c50677', 'I0322d872bdff68936033a6f5a54e8296a6fb3434', 'I033e8269194de54432079cbc970431e3dcea7ce5']",['zuul'],Integration test,Integration test,Integration test,,,
neutron-grenade-multinode,661,"['I00045b2f1f325c174f7da6b86a87c388462282ec', 'I001beb2840496f7950988acc69018244847aa888', 'I00794e9c6403bbe528ea398b981e54d41d53b5a5', 'I008f3ce08346520b415f6db41419a69d472350a9', 'I00bfa48957012928f615e9e3b93ff95ddc09a075', 'I00d29e9fd80e6b8f7ba3bbd8e82dde9d4cb1522f', 'I015d823f9574002bf5ad118668d50e09ce0ba465', 'I016765112b4d7a811a855da5e503a8cb870afbbe', 'I0171dc0a87800ad33c176c6b6540fbc3db025709', 'I019fe11ac1ddcf2304f3f144c62d52667fc11dce']",['zuul'],Upgrade test,Upgrade test,Upgrade test,,,
tripleo-ci-centos-7-containers-multinode,646,"['I004a43c1b6c9cee21c24749bd6589435530e48e0', 'I0100f41f26cf0c55e95e13de8baa2b3df3758373', 'I010b848721732a7a186dd4de183089b5e24bfd04', 'I012d5e2ac4883e19cab8316598ed516d1df9e0cf', 'I019dad851cc70da0d21fb06f61bf3f1c5e44bbd6', 'I021432e222fae0e57a13ca4859ba77e990ac6c67', 'I02670fe00f9d9d5ef12a2f3af5bede35442f1397', 'I035e798dd521d63951ba4424bd69feed4b75cff8', 'I03ad922c61ddd0b4a34935e1e17c0b37cd71ee03', 'I03b7bb724881eeb3b737845d9a731d4b4f6ee786']",['zuul'],Integration test,Integration test,Integration test,,,
dsvm-nova,626,"['I001beb2840496f7950988acc69018244847aa888', 'I0193784ac177b260d2aed626fac6ad34de96ad2f', 'I039c6490a18213b0b4e640b6ee3c58270314c8a5', 'I03bcd6753ed776d2ee216dcdca48514e5da8c43e', 'I0409aba55487e92efa6370eed41936bf8a4ef25d', 'I04717b95dd44ae89f24bd74525d1c9607e3bc0fc', 'I047856982251fddc631679fb2dbcea0f3b0db097', 'I04cff5f9b4bcca1b1d143b82d7490cbc4d88ebe4', 'I057b46c4af384fd0836cd973a5998fe3bcb56175', 'I06fad233006c7bab14749a51ffa226c3801f951b']",['vmwareminesweeper'],Integration test,Integration test,Integration test,,,
neutron,619,"['I008f3ce08346520b415f6db41419a69d472350a9', 'I00c810fe541ac5e1e9923155fe90eb07a0b4b3dd', 'I01333077d4d47cf7f0d7ede4ccc5c2e2c63aa67a', 'I019fe11ac1ddcf2304f3f144c62d52667fc11dce', 'I01ced41201b61c624e675375b7bcd9589b2553e0', 'I022dea485f42cf76c4cec67ee43eed9a3770ec9c', 'I023ccbd405bc41379007d87a9c1051970aa8d603', 'I024b8ef73be69af069e4516dc501df3f5c145419', 'I02fffe77f57a513d2362df78885d327042bb8095', 'I03b604c04299bb9504739d41110c915c119ea809']",['neutron_hyperv_ci'],Integration test,Integration test,Integration test,,,
grenade-py3,587,"['I006c6d1a545e2fabc6a5fbf7be449a31d30f8dfe', 'I00bfa48957012928f615e9e3b93ff95ddc09a075', 'I01333077d4d47cf7f0d7ede4ccc5c2e2c63aa67a', 'I015d823f9574002bf5ad118668d50e09ce0ba465', 'I017602353e96cf9f0922074f94276002b17d1359', 'I019e88fabd1d386c0d6395a7b1969315873485fd', 'I01b37a15f03f0a16690745362404d741a225bad7', 'I01f14997baa7754e98795be8e7047bdafc60346c', 'I02064f7911ef30a2ce1e0bd62fffc8777b4c988f', 'I023a13c0f7d205aa65b7f74589f243ea359345dc']",['zuul'],Upgrade test,Upgrade test,Upgrade test,,,
tempest-slow-py3,560,"['I007a75ad6743909028c3b23f614c693cee9e4a93', 'I00f1bd46bc8715591016f59c32651fc2c9cddf35', 'I01039b7651a354761d034a9118b55b96cf32445e', 'I01c108ceb539bb99491ed542c683e36fbf0c2bbe', 'I01e083009b3ee3dc4885486efe641a3b88df7e1d', 'I023177c09cf035bbb29941cc5d4bb4cc6c60ed1c', 'I02fffe77f57a513d2362df78885d327042bb8095', 'I0322d872bdff68936033a6f5a54e8296a6fb3434', 'I0498599fd636aa9e30df932f0d893db5efa23260', 'I0558ece92f8657c2f6294e07965c619eb7c8dfcf']",['zuul'],Integration test,Integration test,Integration test,,,
nova-live-migration,532,"['I001beb2840496f7950988acc69018244847aa888', 'I010434e1a97520cc7a55384af55e0b61ee4e2556', 'I01c63e685113bf30e687ccb14a4d18e344b306f6', 'I023177c09cf035bbb29941cc5d4bb4cc6c60ed1c', 'I0322d872bdff68936033a6f5a54e8296a6fb3434', 'I04b04406e3917a63332199adf5c15b8e4ed6ca5a', 'I065e3a950e79b0754a2589232ef8a46bb4e83e7f', 'I0660fbd6fbc0b0a8bb4198d8870d93725eb1e5d9', 'I06f95d68fcf20d40096b0ee120fe780097d82320', 'I08cd4787ab4c9539574237e26ba5bf6d4246b32e']",['zuul'],Integration test,Integration test,Integration test,,,
tempest-full-py3,526,"['I00683acee216c0c0ad87be3eb5ec832f20f054c7', 'I010434e1a97520cc7a55384af55e0b61ee4e2556', 'I01ced41201b61c624e675375b7bcd9589b2553e0', 'I01f14997baa7754e98795be8e7047bdafc60346c', 'I023177c09cf035bbb29941cc5d4bb4cc6c60ed1c', 'I023c94f95f6b379286fea8421a43e9936f3de779', 'I023ccbd405bc41379007d87a9c1051970aa8d603', 'I02431d58b50aab2a2da8ca5f90938472aad7a935', 'I0377ea699a867d99e0b7d18fb27f856078a9d4b7', 'I0475d9b6315250d9c3384be63c14a81fbd1c7b7c']",['zuul'],Integration test,Integration test,Integration test,,,
openstack-tox-lower-constraints,476,"['I0072978a4e1eb08d901a8923079bc9a4c6290c8c', 'I01c108ceb539bb99491ed542c683e36fbf0c2bbe', 'I02179e5d1138278021200d2bad7c7d05efda0ea2', 'I02431d58b50aab2a2da8ca5f90938472aad7a935', 'I024b8ef73be69af069e4516dc501df3f5c145419', 'I031aae50ee82198648f46c503bba04c6e231bbe5', 'I03385d93575db4e44a72335c0af4fde490a93b0f', 'I03f6c58dce7d140d62055a97063aeb480498e5e6', 'I04ce1a829b01896d9ee69588bba06cee9aac1ddf', 'I054296c790b697198550acbeae29546758b422c2']",['zuul'],Unit test,Unit test,Unit test,,,
tripleo-ci-centos-7-undercloud-containers,463,"['I006e48754ed1710ae8cc6e9c1d35e9c2e66b5907', 'I014a6bed93c62819c423300c166936e44d1e67c1', 'I021432e222fae0e57a13ca4859ba77e990ac6c67', 'I02670fe00f9d9d5ef12a2f3af5bede35442f1397', 'I0285b006c015f6cd223615ebdad52286f7683a87', 'I03e99d35ed043cf11bea9b7462058bd80f4d99da', 'I04d3aee857b9e7085afbcdc2c0a83f4e1005a34e', 'I05593f81d567d35c931a0ac4e70fa8000dd458ec', 'I055fb7a5fd20932c5bee665bb96678f3ae92bffe', 'I060283f19a9738e55c2665b94eb1f746a790de1e']",['zuul'],Integration test,Integration test,Integration test,,,
neutron-functional,444,"['I0044d943de3dcde7c4337f396ae9d10cede381f3', 'I019fe11ac1ddcf2304f3f144c62d52667fc11dce', 'I022dea485f42cf76c4cec67ee43eed9a3770ec9c', 'I027208171a85ea7f2ce8b61d46121f507e826a34', 'I02ffed238897ebc91b96aebb7f94ed90b7613769', 'I049523ac302fda227fe2f340d3deb6a15ffdb0fc', 'I06b8643c75a30b5a5f6f78d75af9937180da645b', 'I07237946af698816a4229efec16de8f8f8addee9', 'I07474713206c218710544ad98c08caaa37dbf53a', 'I08132510b3ed374a3f85146498f3624a103873d7']",['zuul'],Functional test,Functional test,Functional test,,,
neutron-tempest-dvr,439,"['I009dae9e7f485641f2f19dce8dd575da04bfb044', 'I010434e1a97520cc7a55384af55e0b61ee4e2556', 'I0112182811ce8fa573e66f52cc20a597764a3634', 'I0171dc0a87800ad33c176c6b6540fbc3db025709', 'I0175a2d00256e6d904cbcf25ad4a08aa825a9e18', 'I01ced41201b61c624e675375b7bcd9589b2553e0', 'I023177c09cf035bbb29941cc5d4bb4cc6c60ed1c', 'I02d77a03c411dc8ab303a7d7b53d7ea93cc9f4c6', 'I03073ee46cbcfadf9b515ad2fad54451cb4f8cc4', 'I04a0a00b8a33686038754f32c2f722e0e522fc4d']",['zuul'],Integration test,Integration test,Integration test,,,
tripleo-ci-centos-7-ovb-3ctlr_1comp-featureset001,431,"['I009c68b7821612684489b0ff407e286c5776d649', 'I010c71802a5de90ed5bdd3026ad8a395e1d34711', 'I012d5e2ac4883e19cab8316598ed516d1df9e0cf', 'I024fe5a924b34049918d2b0c2a7bdd38aefd35e8', 'I02670fe00f9d9d5ef12a2f3af5bede35442f1397', 'I03ad922c61ddd0b4a34935e1e17c0b37cd71ee03', 'I03b7bb724881eeb3b737845d9a731d4b4f6ee786', 'I03eb6e4805b3c8c21de93377a94a07617a119145', 'I046aeea86b3b63cae0b44865dc8ee0a59a3f7f5f', 'I053698944fee5cfe8653d2bf4c7e90d76da3ea7b']",['rdothirdparty'],Unit test,Integration test,Functional tests,,,
openstack-tox-py36,429,"['I014392650849a7c18c7da85a211a8830c2b66c4f', 'I01b66dcd5c7c0e8193150a0a1b20878aaa8ec9e3', 'I02d8a37aa0551e3105dbffa7d1421c799e9e1753', 'I031aae50ee82198648f46c503bba04c6e231bbe5', 'I032e54a2065859d4ebc0969faccf68494fe745bc', 'I03385d93575db4e44a72335c0af4fde490a93b0f', 'I033a739c08c01867660c00ea44642e78ddf3e3ea', 'I04355bdec5477b4c144105fea130089fe1ae6772', 'I047c92d1e4196fc7e64d2164e17a9633f152f436', 'I04ce1a829b01896d9ee69588bba06cee9aac1ddf']",['zuul'],Unit test,Unit test,Unit test,,,
neutron-fullstack,424,"['I0044d943de3dcde7c4337f396ae9d10cede381f3', 'I0175a2d00256e6d904cbcf25ad4a08aa825a9e18', 'I019fe11ac1ddcf2304f3f144c62d52667fc11dce', 'I023ccbd405bc41379007d87a9c1051970aa8d603', 'I02ffed238897ebc91b96aebb7f94ed90b7613769', 'I054510403a4f46544ff78ee2f6babb1247726553', 'I07474713206c218710544ad98c08caaa37dbf53a', 'I083a611d73bb82d0e28b4d2b2cf8a667670a850b', 'I09116a4323763db12917e03f354cf0ef25289fd0', 'I0bb3187a88a7f20adb8c60e24945db159afb83f1']",['zuul'],Functional test,Integration test,Functional tests,,,
neutron-tempest-plugin-dvr-multinode-scenario,403,"['I00fa441e7a20fcd1115485bb8ab75750e6a8cf07', 'I023ccbd405bc41379007d87a9c1051970aa8d603', 'I024b8ef73be69af069e4516dc501df3f5c145419', 'I044980a98845edc7b0a02e3323a1e62eb54c10c7', 'I04ea8eb63de07a6e1e51c2790c5920b086b8542c', 'I06a36430d0ee10814b05c41391a6774c26f86aa5', 'I06b8643c75a30b5a5f6f78d75af9937180da645b', 'I070dd78a26d269a4f094cc37d3fcff709682be35', 'I07474713206c218710544ad98c08caaa37dbf53a', 'I078a2b0fe60344aee0c45c3d6d661f71660b176f']",['zuul'],Integration test,Integration test,Integration test,,,
tripleo-ci-centos-7-standalone,394,"['I00b2e59d3da5374f20dc2eac9bb13e2482ed524b', 'I02670fe00f9d9d5ef12a2f3af5bede35442f1397', 'I03b7bb724881eeb3b737845d9a731d4b4f6ee786', 'I053698944fee5cfe8653d2bf4c7e90d76da3ea7b', 'I054a805e820087a30bd8d27a0b460b6e519849ac', 'I055fb7a5fd20932c5bee665bb96678f3ae92bffe', 'I06a5f893adef4eaf6db17bf5ead4653cfed599f1', 'I06dfcab744f76275224bf565c26215ff46cd53b4', 'I071783d7a7e0aacfccb25df8b18b8782e3bf3a05', 'I0799a50adbc253100fa69a54277c447680d2b3e2']",['zuul'],Integration test,Integration test,Integration test,,,
tripleo-ci-centos-7-scenario000-multinode-oooq-container-updates,386,"['I001e2f27d2b562bb0be87c8eaadcf3622e530498', 'I012d5e2ac4883e19cab8316598ed516d1df9e0cf', 'I02670fe00f9d9d5ef12a2f3af5bede35442f1397', 'I027377e4072fe96d670c911b6584a505df515a14', 'I051b6f06a7467febea5dbc59a2f4ea7189d07e97', 'I05457605a1265e7c44f92a883d17cca3e7b0ccf6', 'I055fb7a5fd20932c5bee665bb96678f3ae92bffe', 'I076f786e8d5ca756e5d73d04e84c4084ec24c579', 'I0958322448d2e0cf2c3a2708b9e797ae9a597109', 'I09808d819ab9be6a24fa556c340de9fc7bc54d09']",['zuul'],Integration test,Upgrade test,Upgrade test,,,
tripleo-ci-centos-7-containerized-undercloud-upgrades,356,"['I006e48754ed1710ae8cc6e9c1d35e9c2e66b5907', 'I00e2f9b7755b7e32b7ed20b482d851aacb17464e', 'I010b848721732a7a186dd4de183089b5e24bfd04', 'I014a6bed93c62819c423300c166936e44d1e67c1', 'I035e798dd521d63951ba4424bd69feed4b75cff8', 'I037465f7bbc7b6016373385f07c7c944a09299c9', 'I06dfcab744f76275224bf565c26215ff46cd53b4', 'I09808d819ab9be6a24fa556c340de9fc7bc54d09', 'I0a9c951012e9d3bab34c5ade658336bada1e45e9', 'I0b8d985b6442a183251d1c2a47a91fc2f5d0f978']",['zuul'],Upgrade test,Upgrade test,Upgrade test,,,
neutron-grenade,355,"['I00045b2f1f325c174f7da6b86a87c388462282ec', 'I00d29e9fd80e6b8f7ba3bbd8e82dde9d4cb1522f', 'I00f92aac44d7b0169f94940ef389796c782b0cc1', 'I01b37a15f03f0a16690745362404d741a225bad7', 'I02305d3df61b7a37e20d3f5339e4820f83a0693d', 'I029aa08cb7286e1b4cd995642928d667b87afb44', 'I04ea8eb63de07a6e1e51c2790c5920b086b8542c', 'I05c9168569c4c3eeeb83695a053b2fd94240157c', 'I05e9c8360b86326b7f58b2c0600fcb420bc31482', 'I06fad233006c7bab14749a51ffa226c3801f951b']",['zuul'],Upgrade test,Upgrade test,Upgrade test,,,
cinder-iscsi,353,"['I006df750a9f01098c8c326648f5da472d1a10f06', 'I00f1bd46bc8715591016f59c32651fc2c9cddf35', 'I01039b7651a354761d034a9118b55b96cf32445e', 'I02064f7911ef30a2ce1e0bd62fffc8777b4c988f', 'I054c5589a0b96849ad5ef745c1b3f30df26cfcc2', 'I05639133c7e5770e810be97d8c6bb98450c8c9ba', 'I05dfc996a635299990fdafba841ab6c4fd7d32c7', 'I07a689c80aa08f98d1face108a9f379ddd7e8606', 'I0885c83a2bdfffd3bbba23310665e5dff74fe5dd', 'I0887f48c28741f434c6a48041c87e849e471bb94']",['cinder_smb3_ci'],Integration test,Integration test,Integration test,,,
tempest-dsvm-full-xenial,335,"['I00d1ed22f1aff783ecbaa6e2c59c575a3c67fa23', 'I00d95069786eab263c788457c35c31ee1d2d1912', 'I01be8dc24f806c4575932f0a4bff7f7bff3f077b', 'I031aae50ee82198648f46c503bba04c6e231bbe5', 'I047b5f66b33ac89b2b5e9170c12bc87d76d0946b', 'I0651417d18ee54e5c8b5b7292c27159b45e9acf3', 'I06fad233006c7bab14749a51ffa226c3801f951b', 'I071e55b0a86848250565ada3a22ce4225b266540', 'I07e0e6b26d01d3b481c74693bb1948ed82ceebd6', 'I0ae2dbf66241207a425bf7d0fc02a4d2e2dea409']",['powerkvm'],Integration test,Integration test,Integration test,,,
nova-grenade-multinode,331,"['I04717b95dd44ae89f24bd74525d1c9607e3bc0fc', 'I062e556feb5cc85d179fed9b675e4ab33ca3365a', 'I06a67355baaa493313aea83b198d2bce620074db', 'I07fa46690d8f7b846665bc59c5e361873154382b', 'I08cd4787ab4c9539574237e26ba5bf6d4246b32e', 'I0933447e6caa0013f0b26dbf6532ff1976197e80', 'I095bb71d2a5e451f2827f646aa5b3ed31d2ccac3', 'I098f91d8c498e5a85266e193ad37c08aca4792b2', 'I0b318ea5309d201499f0a9ef6f205425c89e6946', 'I0b6d1a98726ffa1ebc78fb3c4563a2e4b40ddeff']",['zuul'],Upgrade test,Upgrade test,Upgrade test,,,
nova-multi-cell,316,"['I0011628b9e4e2a1f69330e570f9bd661369cab24', 'I016bc1812404ce1019c71b7a3363f34acc3f8aed', 'I01c63e685113bf30e687ccb14a4d18e344b306f6', 'I022f3bbddbbdc24362b10004f273da2421788c97', 'I04717b95dd44ae89f24bd74525d1c9607e3bc0fc', 'I0498599fd636aa9e30df932f0d893db5efa23260', 'I057b46c4af384fd0836cd973a5998fe3bcb56175', 'I06dde5960fdae5ee4e3ce902482361909ac397d6', 'I076b84d46e5b2ff3bb6ed4d0c361683097c4c014', 'I0933447e6caa0013f0b26dbf6532ff1976197e80']",['zuul'],Integration test,Integration test,Integration test,,,
neutron-grenade-dvr-multinode,315,"['I00794e9c6403bbe528ea398b981e54d41d53b5a5', 'I008f3ce08346520b415f6db41419a69d472350a9', 'I019fe11ac1ddcf2304f3f144c62d52667fc11dce', 'I02d77a03c411dc8ab303a7d7b53d7ea93cc9f4c6', 'I041dc6e623b61748f2285c4aecead28af12ee15b', 'I0580bbabd1d9af7a5f2c60b63c42a977d73eeefe', 'I06036ce5fe15d91aa440dc340a70dd27ae078c53', 'I0671ed8d73ca8c0e3ba4aded81f395e20957d598', 'I07237946af698816a4229efec16de8f8f8addee9', 'I0739458ac31307d651376a33a835336285d2c7dd']",['zuul'],Upgrade test,Upgrade test,Upgrade test,,,
openstack-tox-py27,305,"['I00d95069786eab263c788457c35c31ee1d2d1912', 'I013449f62f64125cb463dc699fd41fea352b268e', 'I01edb5cd757a08b1b371e20ce5fa42fee888bbfb', 'I023ccbd405bc41379007d87a9c1051970aa8d603', 'I040ccde7f04ae39258afd9b7322c939c8d796bde', 'I049805f2885d03065f070f2b5271fce4213023e7', 'I04ce1a829b01896d9ee69588bba06cee9aac1ddf', 'I0636745835a6f4b0e5fae6e01b6ee754e1d9176d', 'I06cc3e107a5b07f8f00e9a9a025a0152199092df', 'I07fa46690d8f7b846665bc59c5e361873154382b']",['zuul'],Unit test,Unit test,Unit test,,,
tripleo-ci-centos-7-3nodes-multinode,304,"['I004a43c1b6c9cee21c24749bd6589435530e48e0', 'I006e48754ed1710ae8cc6e9c1d35e9c2e66b5907', 'I00e2f9b7755b7e32b7ed20b482d851aacb17464e', 'I010489f14ade757c35d04af68c328508a3ee46d3', 'I010f2cdfda402db96cc6b1358917292784ef60f0', 'I03e99d35ed043cf11bea9b7462058bd80f4d99da', 'I042944c3f24d22fa60d4ed13fd9a56c5b93f465f', 'I05522521aa4e63d6e4138cbcdb97b212664d3b81', 'I060283f19a9738e55c2665b94eb1f746a790de1e', 'I07d6a3e70b152cba95347587508fbcb241750d49']",['zuul'],Integration test,Integration test,Integration test,,,
neutron-tempest-plugin-scenario-linuxbridge,292,"['I01ced41201b61c624e675375b7bcd9589b2553e0', 'I044980a98845edc7b0a02e3323a1e62eb54c10c7', 'I0589266646dfa0bc42ef6b7e6929f4dc2237f2b6', 'I0671ed8d73ca8c0e3ba4aded81f395e20957d598', 'I06a36430d0ee10814b05c41391a6774c26f86aa5', 'I07a8e70248892b7fb4590fdec232fa24d8a937e6', 'I08132510b3ed374a3f85146498f3624a103873d7', 'I0a1c128858c1d639e80763cac0df358949c56cfb', 'I0a89bca0734d3e735fb357e488f85589e81d709f', 'I0af951f4346f9290c2eba6aad17f772fbf27bb2f']",['zuul'],Integration test,Integration test,Integration test,,,
openstack-helm-infra-aio-monitoring,289,"['I00b2413ada7bed5d660247e2686510341f77866f', 'I013ca5f99e5032c44f0d679e467da9e928c02a6b', 'I02785ea42c07d1aecbef2cf0c32dd6a1a236659f', 'I03505b5fb569cda199c2803086b77206b810ea3f', 'I03ed11282413a454062ab34b8594ba60ac2175aa', 'I0439272587a2afbccc4d7c49ef6ad053c8b305e7', 'I04a10e9733f98387f0502ed76fa926bacaedb7e4', 'I071bcfedf7e4079e085c2f72d2fbab3adc0b027c', 'I09b4e125197602b2e3518b02901e37a4ae1ddc18', 'I0e355cfd6947db72f77d76a0f6696e9bcef175e9']",['zuul'],Integration test,Functional test,Integration test,,,
ironic-tempest-ipa-wholedisk-bios-agent_ipmitool-tinyipa,288,"['I0076a3f970f61a3b6ceedd7f053e9db34ab7e9a6', 'I008f3ce08346520b415f6db41419a69d472350a9', 'I016bc1812404ce1019c71b7a3363f34acc3f8aed', 'I02fffe77f57a513d2362df78885d327042bb8095', 'I057b46c4af384fd0836cd973a5998fe3bcb56175', 'I0671ed8d73ca8c0e3ba4aded81f395e20957d598', 'I0718fd16d91b5d208a62f6ced1cb45c1738ab96c', 'I0739458ac31307d651376a33a835336285d2c7dd', 'I095bb71d2a5e451f2827f646aa5b3ed31d2ccac3', 'I098f91d8c498e5a85266e193ad37c08aca4792b2']",['zuul'],Integration test,Integration test,Integration test,,,
ironic-tempest-ipa-wholedisk-direct-tinyipa-multinode,286,"['I00d6f13dd991074e4f45ada4d7cf4ccc0edbc7e1', 'I01608004ce90facadb73e252203900a1e62cbea1', 'I016e08dcb59613b59ae753ef7d3bc9ac4a4a950a', 'I02ec595e639c04dd65ce788851c5dde074cc1095', 'I059e841ab891ba0451d0423065e9727c8c77f337', 'I08e37a9f5268c15ba954b34ad706b900e5430da6', 'I0db0a64c5ccf260f5a0695dbe994af1e11f71517', 'I0e6ab307ecd0caaf7b79edff67373be3490bfed7', 'I0fa742110649ed2786f360e1ef43012e77671620', 'I0fae987aef56bc6f40e11024c7b9d12587ff4c35']",['zuul'],Integration test,Integration test,Integration test,,,
cinder-smb,284,"['I0176017476c4101f02f0c3c31573f59b0d4a4ce8', 'I01b37a15f03f0a16690745362404d741a225bad7', 'I0206bda27eed7257ef749cc3e8c41864ad6e18bb', 'I05dfc996a635299990fdafba841ab6c4fd7d32c7', 'I06cc3e107a5b07f8f00e9a9a025a0152199092df', 'I07a689c80aa08f98d1face108a9f379ddd7e8606', 'I07fec25c1790089563f1baf6f43a67f0dacf77a7', 'I0885c83a2bdfffd3bbba23310665e5dff74fe5dd', 'I0887f48c28741f434c6a48041c87e849e471bb94', 'I0a53dfee61dc6372dce53445d4b252304c83c58a']",['cinder_smb3_ci'],Integration test,Integration test,Integration test,,,
tripleo-ci-centos-7-ovb-3ctlr_1comp-featureset035,272,"['I001e2f27d2b562bb0be87c8eaadcf3622e530498', 'I010c71802a5de90ed5bdd3026ad8a395e1d34711', 'I03ad922c61ddd0b4a34935e1e17c0b37cd71ee03', 'I0419ca070553ad7261cda947c2d246a44df5580d', 'I046aeea86b3b63cae0b44865dc8ee0a59a3f7f5f', 'I053698944fee5cfe8653d2bf4c7e90d76da3ea7b', 'I054a805e820087a30bd8d27a0b460b6e519849ac', 'I05522521aa4e63d6e4138cbcdb97b212664d3b81', 'I065010492d9437812a7a5987e3bc9c3b9c7da3bb', 'I06b184483a05b7b79b8ccf867b373429e698f396']",['rdothirdparty'],Unit test,Integration test,Functional test,,,
grenade-dsvm-xenial,263,"['I000bbb64cacbf2298179e2b9888a1808d514fbec', 'I00d1ed22f1aff783ecbaa6e2c59c575a3c67fa23', 'I00d29e9fd80e6b8f7ba3bbd8e82dde9d4cb1522f', 'I01be8dc24f806c4575932f0a4bff7f7bff3f077b', 'I020e7dc47efc79f8907b7bfb753ec779a8da69a1', 'I02179e5d1138278021200d2bad7c7d05efda0ea2', 'I02305d3df61b7a37e20d3f5339e4820f83a0693d', 'I0390c9ff51f49b063f736ca6ef868a4fa782ede5', 'I047b5f66b33ac89b2b5e9170c12bc87d76d0946b', 'I0631aad1f4d2ce8b786cae74de16d7dd6e3b1411']",['powerkvm'],Upgrade test,Upgrade test,Upgrade test,,,
tripleo-ci-centos-7-scenario000-multinode-oooq-container-upgrades,261,"['I0100f41f26cf0c55e95e13de8baa2b3df3758373', 'I012d5e2ac4883e19cab8316598ed516d1df9e0cf', 'I02670fe00f9d9d5ef12a2f3af5bede35442f1397', 'I027377e4072fe96d670c911b6584a505df515a14', 'I037465f7bbc7b6016373385f07c7c944a09299c9', 'I0419ca070553ad7261cda947c2d246a44df5580d', 'I06b184483a05b7b79b8ccf867b373429e698f396', 'I0799a50adbc253100fa69a54277c447680d2b3e2', 'I0958322448d2e0cf2c3a2708b9e797ae9a597109', 'I0a9c951012e9d3bab34c5ade658336bada1e45e9']",['zuul'],Upgrade test,Upgrade test,Upgrade test,,,
check-tempest-dsvm-neutron-full-ubuntu-xenial-s390x,251,"['I000bbb64cacbf2298179e2b9888a1808d514fbec', 'I019e88fabd1d386c0d6395a7b1969315873485fd', 'I0409aba55487e92efa6370eed41936bf8a4ef25d', 'I055adb5f6004c93109b17db8313a7fef85538217', 'I06e08a7d0788606143cb9d5a500ca6bb36c907a0', 'I08ce4a9f5bb33761d8c5ff82ef9faf874ac97fcc', 'I0a413eb4f8a94500941e53b9a294d7cdb45d2a1c', 'I0ad8e34808401ace9b85e1b937a542f4c4e61690', 'I0b2e3ca91967f86946e231f813f69da7d0cbfe32', 'I0b4c7825de3e67b138343bf30b4c81c30286d562']",['ibm-zkvm-ci'],Integration test,Integration test,Integration test,,,
nova-in-tree-pvm,247,"['I02305d3df61b7a37e20d3f5339e4820f83a0693d', 'I039c6490a18213b0b4e640b6ee3c58270314c8a5', 'I045c6293ad1f96af7b9bb3961c93300641852d86', 'I0498599fd636aa9e30df932f0d893db5efa23260', 'I04cff5f9b4bcca1b1d143b82d7490cbc4d88ebe4', 'I0651417d18ee54e5c8b5b7292c27159b45e9acf3', 'I0ad8e34808401ace9b85e1b937a542f4c4e61690', 'I0ae2dbf66241207a425bf7d0fc02a4d2e2dea409', 'I0cb8bd55f75da37a12468aac9403c5db8f652035', 'I0e9a804ae7717252175f7fe409223f5eb8f50013']",['powervmci'],Integration test,Integration test,Integration test,,,
neutron-functional-with-uwsgi,244,"['I019fe11ac1ddcf2304f3f144c62d52667fc11dce', 'I033904795a5e354e723a13891349c0ed8054d422', 'I05394e49077a72199bbc80c8cb622ec2b17f2fa7', 'I05e0f3a3ad0abc02f97a89d63af9f58d5fa00549', 'I07237946af698816a4229efec16de8f8f8addee9', 'I080381cb8a88a27130ac21c0e27fc915e38bdedd', 'I08c712ff1b093370cda2ce66b93e2a0709094fe1', 'I0dbb8484e749e645627756e88ec79c1b26a6414a', 'I0ecbaf6f6e0b5b6b538956f2b47e7f11ce21341b', 'I1045992ce9a18b37dd7dcdb46063698fad983932']",['zuul'],Functional test,Functional test,Functional test,,,
openstack-tox-pep8,243,"['I014392650849a7c18c7da85a211a8830c2b66c4f', 'I01b66dcd5c7c0e8193150a0a1b20878aaa8ec9e3', 'I03385d93575db4e44a72335c0af4fde490a93b0f', 'I03cd204f80c5cdc0be939b5f70762067f64c9ba7', 'I0514ef22d430839def0d99cab193e20a9f5407fe', 'I06a5a1ba0523befbc136920efde3e717ef822856', 'I06a8d6af367c806681bd7bfa2d1930e390371dd7', 'I08aaf0d1f65114945b14ba02d915055b402fc7c1', 'I09bb55e842515307fbedeee6ba6519dfa4b95e24', 'I0bbea25861b078a0da8b8feaa4a6251527cc5979']",['zuul'],Style check,style check,Style check,,,
neutron-tempest-linuxbridge,240,"['I0044d943de3dcde7c4337f396ae9d10cede381f3', 'I02cdbe40fddb220623e341b94edb3d8c96099581', 'I04ea8eb63de07a6e1e51c2790c5920b086b8542c', 'I0651417d18ee54e5c8b5b7292c27159b45e9acf3', 'I0671ed8d73ca8c0e3ba4aded81f395e20957d598', 'I0739458ac31307d651376a33a835336285d2c7dd', 'I07a8e70248892b7fb4590fdec232fa24d8a937e6', 'I083a611d73bb82d0e28b4d2b2cf8a667670a850b', 'I08c712ff1b093370cda2ce66b93e2a0709094fe1', 'I09116a4323763db12917e03f354cf0ef25289fd0']",['zuul'],Integration test,Integration test,Integration test,,,
devstack-plugin-ceph-tempest,240,"['I029aa08cb7286e1b4cd995642928d667b87afb44', 'I02bc587601976f5972b2926d94ce5133b3590a52', 'I040ccde7f04ae39258afd9b7322c939c8d796bde', 'I04a0a00b8a33686038754f32c2f722e0e522fc4d', 'I0558ece92f8657c2f6294e07965c619eb7c8dfcf', 'I05e9c8360b86326b7f58b2c0600fcb420bc31482', 'I0680fe4a6590aa3c4887d338a02b04fabfcdbb11', 'I06fad233006c7bab14749a51ffa226c3801f951b', 'I072b3fa4847db14e5a3f03c775a377e3514224f1', 'I0811a764f9c4cad7f7d1141abbb2e297c33430fe']",['zuul'],Integration test,Integration test,Integration test,,,
tripleo-ci-centos-7-scenario007-multinode-oooq-container,239,"['I021432e222fae0e57a13ca4859ba77e990ac6c67', 'I02670fe00f9d9d5ef12a2f3af5bede35442f1397', 'I03b7bb724881eeb3b737845d9a731d4b4f6ee786', 'I03e99d35ed043cf11bea9b7462058bd80f4d99da', 'I054a805e820087a30bd8d27a0b460b6e519849ac', 'I07d6a3e70b152cba95347587508fbcb241750d49', 'I0958322448d2e0cf2c3a2708b9e797ae9a597109', 'I09808d819ab9be6a24fa556c340de9fc7bc54d09', 'I0aca78b2f26845cb0d96aed66b1d438a1ce8683d', 'I0c45d764a86bf62da9e454af73cfa146beb45d0f']",['zuul'],Integration test,Integration test,Integration test,,,
cinder-tempest-dsvm-lvm-lio-barbican,237,"['I011e7142db5d54882fd2cd9c07276ac71a07b4b7', 'I01b37a15f03f0a16690745362404d741a225bad7', 'I0207e97903591fc473dc6248d0213f8499254d0c', 'I024769114caafe8d0e70babd93382702f45aafcc', 'I031aae50ee82198648f46c503bba04c6e231bbe5', 'I04d20c0c59f8269663fb829319bea1087619d2e2', 'I06cc3e107a5b07f8f00e9a9a025a0152199092df', 'I0708c333fa94bb44e66f64b2b7cc3bc0dbe8a409', 'I071e55b0a86848250565ada3a22ce4225b266540', 'I091c2b8aed5bb09699a9b3be3d314662d8fe1ca9']",['zuul'],Integration test,Integration test,Integration test,,,
openstack-helm-infra-openstack-support,236,"['I008eeb520af853678078091b838b0b2ca48e026c', 'I00b2413ada7bed5d660247e2686510341f77866f', 'I01c58a628589ec35af2557c8cc93ea47fe084089', 'I01da9d1b5a2b8d44f4bbf52e15842e2316c6086c', 'I03a2ed632dc6ef4d3b21e916f4927a0262e35c0b', 'I03ed11282413a454062ab34b8594ba60ac2175aa', 'I0439272587a2afbccc4d7c49ef6ad053c8b305e7', 'I05f6f08fd57e2a258aef9d787ef84cc9980f2b54', 'I071bcfedf7e4079e085c2f72d2fbab3adc0b027c', 'I09b4e125197602b2e3518b02901e37a4ae1ddc18']",['zuul'],Functional test,Functional test,Functional test,,,
nova-multiattach,235,"['I00297a196243d4a0b8b42a6e1b17a3bc7211720c', 'I00d29e9fd80e6b8f7ba3bbd8e82dde9d4cb1522f', 'I00e5b75290f10e86c8e45b5d224ef66d7938bb69', 'I03073ee46cbcfadf9b515ad2fad54451cb4f8cc4', 'I039c6490a18213b0b4e640b6ee3c58270314c8a5', 'I0708c333fa94bb44e66f64b2b7cc3bc0dbe8a409', 'I071e55b0a86848250565ada3a22ce4225b266540', 'I077304f4c2d4e50450eb6c6bf4ec427a407bea20', 'I09e3d2461366bb439bcb817149ce807a232acfbb', 'I0ad0c530c93a9494e1a3048e557360b38c4a125b']",['zuul'],Integration test,Integration test,Integration test,,,
openstack-tox-cover,232,"['I00683acee216c0c0ad87be3eb5ec832f20f054c7', 'I03385d93575db4e44a72335c0af4fde490a93b0f', 'I052255db0b76cd68e707869ede523d45e3266ee3', 'I0580bbabd1d9af7a5f2c60b63c42a977d73eeefe', 'I0628019dc0ea7302115aa83af33091d70a3db050', 'I062e556feb5cc85d179fed9b675e4ab33ca3365a', 'I0671ed8d73ca8c0e3ba4aded81f395e20957d598', 'I0681de217ed9f5d77dae0d9555632b8d160bb179', 'I070dd78a26d269a4f094cc37d3fcff709682be35', 'I085ade355fba0e9727a38d2dcbc9cffa735a62d1']",['zuul'],Unit test,Unit test,Unit test,,,
tripleo-ci-centos-7-standalone-upgrade,231,"['I010c71802a5de90ed5bdd3026ad8a395e1d34711', 'I02670fe00f9d9d5ef12a2f3af5bede35442f1397', 'I054a805e820087a30bd8d27a0b460b6e519849ac', 'I0ada9fc8e7e919a763ef4f524449265963264fc0', 'I0b6ce6bb3561551465cb31ac7b0a8db680253561', 'I0cb2743d1d4d118320a799c6820d48f9b917498f', 'I0e6c00e181dda9c89e4a5dc9cf5421793073fc64', 'I0ef61bc49d31247a408e340d33a2ae239e1f11fe', 'I1083ef9893dede234b4cafd9888c898fa0e31077', 'I10ab13b957cc80f27abf3afb95571a2d16d20e77']",['zuul'],Upgrade test,Upgrade test,Upgrade test,,,
neutron-tempest-iptables_hybrid,230,"['I0589266646dfa0bc42ef6b7e6929f4dc2237f2b6', 'I0671ed8d73ca8c0e3ba4aded81f395e20957d598', 'I06a36430d0ee10814b05c41391a6774c26f86aa5', 'I07474713206c218710544ad98c08caaa37dbf53a', 'I078a2b0fe60344aee0c45c3d6d661f71660b176f', 'I07d1e0bb27e19bd19911255c069fa27a42451264', 'I0a50af5fe9b1550700e607eb680bb16e5044e8ef', 'I0af951f4346f9290c2eba6aad17f772fbf27bb2f', 'I0cf7b629dc5d374d2066346276f73a12e4d03973', 'I0e664a5f8e792d85b8f5483fb8c6f1cd59a677cd']",['zuul'],Integration test,Integration test,Integration test,,,
tempest-slow,229,"['I011e7142db5d54882fd2cd9c07276ac71a07b4b7', 'I033dbd96a44f064cce6fd20ab45fe1f517b9828f', 'I04a0a00b8a33686038754f32c2f722e0e522fc4d', 'I06fad233006c7bab14749a51ffa226c3801f951b', 'I09cfa26d79c1a518ceee8b27b852c143ba9bb557', 'I09e28c245c11dd3dd061df786bd137eceb97be07', 'I0ad6ffa20f7658b917f5235217493c69c688b1e0', 'I0cc6b24a91794eeba46462fac2bfdeda2ba2ab9e', 'I0d9956cac27fd4dbb527fd865aa152e4724c01f9', 'I0e9a804ae7717252175f7fe409223f5eb8f50013']",['zuul'],Integration test,Integration test,Integration test,,,
openstack-tox-docs,228,"['I006df750a9f01098c8c326648f5da472d1a10f06', 'I014392650849a7c18c7da85a211a8830c2b66c4f', 'I01451ec27d3ad6e759636902e497272a89cf6d16', 'I02064f7911ef30a2ce1e0bd62fffc8777b4c988f', 'I03385d93575db4e44a72335c0af4fde490a93b0f', 'I056b346ae7ff55ab6e27c3d3248820eca13dda8d', 'I05f38c6366e3da0aeed2b6451a8bd9d7dc531119', 'I07fec25c1790089563f1baf6f43a67f0dacf77a7', 'I0869979a1b8a0966f0e7b49e5a5984f76d7d67cd', 'I0898c4a0d3b1681f2d72ff5629b69db02040dfa8']",['zuul'],Unit test,Unit test,Unit test,,,
ironic-standalone,227,"['I00d6f13dd991074e4f45ada4d7cf4ccc0edbc7e1', 'I0118007cac3d6548e9d41c5e615a819150b6ef1a', 'I0126e860210bbc56991876f26e64d81d3d7d5c08', 'I020f11844260e8c9b86c93122d229c2edb8ec19e', 'I0282c9e06c54a173efc666cd8df25cf573afb394', 'I0287eae5e4d533f89e232e327c164a018ef86c84', 'I0745e07d32e3455fad2a2249c31f279fd1d38b5b', 'I077d9dd4b527fc090833587e62af352b20788458', 'I08d31b5ddbad626811c971389e634a450aeaf066', 'I0bc46900b097a2a3a5b3d515c68304684e743651']",['zuul'],Integration test,Integration test,Integration test,,,
neutron-tempest-multinode-full,225,"['I009dae9e7f485641f2f19dce8dd575da04bfb044', 'I023ccbd405bc41379007d87a9c1051970aa8d603', 'I02cf519230e7ed10387f042903c5a39eb4ac7c97', 'I0409aba55487e92efa6370eed41936bf8a4ef25d', 'I047b5f66b33ac89b2b5e9170c12bc87d76d0946b', 'I0651417d18ee54e5c8b5b7292c27159b45e9acf3', 'I07474713206c218710544ad98c08caaa37dbf53a', 'I077304f4c2d4e50450eb6c6bf4ec427a407bea20', 'I0839470c4bcfb16590a0d87b306d683b059bf8a9', 'I0ae2dbf66241207a425bf7d0fc02a4d2e2dea409']",['zuul'],Integration test,Integration test,Integration test,,,
tripleo-ci-fedora-28-standalone,220,"['I0419ca070553ad7261cda947c2d246a44df5580d', 'I054a805e820087a30bd8d27a0b460b6e519849ac', 'I05522521aa4e63d6e4138cbcdb97b212664d3b81', 'I05a52f346f49bf5623e5503bde7105c5de439f9d', 'I05e44770cfd6a313d638b826571e90a57488396a', 'I093eff9d222859ea344359ddf8f33863f08a4e74', 'I09fbe0a0b856462989fc1c1e46d676fe0923856c', 'I0a7a3c56b8e29b55f44234e948bebf13b3aa6b46', 'I0ada9fc8e7e919a763ef4f524449265963264fc0', 'I0cddc340973efab2872280097e702ad56c512f18']",['zuul'],Integration test,Integration test,Integration test,,,
tripleo-ci-centos-7-scenario001-multinode-oooq-container,216,"['I010f2cdfda402db96cc6b1358917292784ef60f0', 'I021432e222fae0e57a13ca4859ba77e990ac6c67', 'I029e65401fc9a522f5d472a992f6dcef899495ef', 'I03ad922c61ddd0b4a34935e1e17c0b37cd71ee03', 'I03e99d35ed043cf11bea9b7462058bd80f4d99da', 'I042944c3f24d22fa60d4ed13fd9a56c5b93f465f', 'I0496f4dd2026ab6c705683126c8f50302a0861b9', 'I06764271adb73ba73e15e3f7d8d553532db727ef', 'I091d1fa29d30bcad332f1b02457104e689b88ebe', 'I09808d819ab9be6a24fa556c340de9fc7bc54d09']",['zuul'],Integration test,Integration test,Integration test,,,
openstack-tox-py35,215,"['I01edb5cd757a08b1b371e20ce5fa42fee888bbfb', 'I04cff5f9b4bcca1b1d143b82d7490cbc4d88ebe4', 'I05639133c7e5770e810be97d8c6bb98450c8c9ba', 'I069a24f5a5346ce3cee9903b1e5a4fd16ffa9f86', 'I075ab8472cbe93db1c2327c2e82211ff71e9ef72', 'I093574579bcecb08c2e2d4deeeda0438f3900ad6', 'I0a1f3392cef358afe413bacd1eb1fd2199618f14', 'I0e0b9e88eea2499cb1b9727a7787c050c869c819', 'I0e664a5f8e792d85b8f5483fb8c6f1cd59a677cd', 'I0ef2ec959f892acb79d8d08a31d9a8ad47c4350f']",['zuul'],Unit test,Unit test,Unit test,,,
swift-probetests-centos-7,215,"['I0a77025237549b192b6b695b6f18512dff28af6c', 'I0a7d65f64540f99514c52a70f9157ef060a8a892', 'I0a9b1547016b2662002c050e8388591d7d91ef97', 'I0b9983a182daedd9dbec483b805d263238fcfac7', 'I0bbe1ccd06776ef3e23438b40d8fb9a7c2de8921', 'I121fefcf2dcfc6b55aa7b58e83763afa7b038a49', 'I13d557c32b12529ef1087c52f7af302a33d33acb', 'I149b18935ce909ef978f2b7147b109e11c22f923', 'I14e3ed201ceaceef0f8dbc44685395f350a0e7fc', 'I15052f3f17999e6f432951ba7c0731dcdc9475bb']",['zuul'],Unit test,Integration test,Unit test,,,
tripleo-ci-centos-7-ovb-3ctlr_1comp-featureset053,209,"['I012d5e2ac4883e19cab8316598ed516d1df9e0cf', 'I03eb6e4805b3c8c21de93377a94a07617a119145', 'I0450bbdc9d2e24e8449d6a302cc672631f8312f6', 'I067dd94e0cbd7bf26b48ab4bf80be6058582ccb3', 'I06d07f6f0949095cb716dd706e05f2e567c0d3d8', 'I091d1fa29d30bcad332f1b02457104e689b88ebe', 'I0958322448d2e0cf2c3a2708b9e797ae9a597109', 'I09fbe0a0b856462989fc1c1e46d676fe0923856c', 'I0a7a3c56b8e29b55f44234e948bebf13b3aa6b46', 'I0ada9fc8e7e919a763ef4f524449265963264fc0']",['rdothirdparty'],Unit test,Integration test,Functional test,,,
openstack-helm-infra-aio-logging,206,"['I00b2413ada7bed5d660247e2686510341f77866f', 'I0109cfbe6adeb9e24d513c8313d964323634b8da', 'I03ed11282413a454062ab34b8594ba60ac2175aa', 'I0439272587a2afbccc4d7c49ef6ad053c8b305e7', 'I047cbfaa5aa9e7285a23e603074429180495557d', 'I071bcfedf7e4079e085c2f72d2fbab3adc0b027c', 'I09b4e125197602b2e3518b02901e37a4ae1ddc18', 'I0c5456a01b3a36fee8ee4c986d25c4a1d807cb77', 'I0c9477483b70c9ec844b37a6de10a50c0f2e1df8', 'I0f5283a8a54b563199528bb612aa0cdc6cf238e2']",['zuul'],Functional test,Functional test,Functional test,,,
openstack-tox-py38,205,"['I01635a4f492adc0f7d14747c1037a05fa7f22fd3', 'I03385d93575db4e44a72335c0af4fde490a93b0f', 'I0398a862cac893ac38fccd80643563821630878d', 'I03c97edb9d7a177f5face046d1c9f60e4f1eeefa', 'I0580bbabd1d9af7a5f2c60b63c42a977d73eeefe', 'I0739458ac31307d651376a33a835336285d2c7dd', 'I09f5b6b2cf485157db243a5733444f0e5ed3028b', 'I0b29fe59e238f4c723a15271117e6cfb072e648a', 'I0bbea25861b078a0da8b8feaa4a6251527cc5979', 'I0d5df271dec1c6035229b02ec45e03abad6f27e7']",['zuul'],Unit test,Unit test,Unit test,,,
gate-tripleo-ci-centos-7-ovb-3ctlr_1comp-featureset001-master,200,"['I014a6bed93c62819c423300c166936e44d1e67c1', 'I03e99d35ed043cf11bea9b7462058bd80f4d99da', 'I0496f4dd2026ab6c705683126c8f50302a0861b9', 'I060283f19a9738e55c2665b94eb1f746a790de1e', 'I0bad5ee3150d94115bed018de9488590305a2b80', 'I0dd38ea4ffbe06eb10d7f86a9f87333c193ea398', 'I125c75e0a3389bfe8bf600fba5aa9c345ddcdeaa', 'I145a8212af53c3ed98ca04c316a980d8aea8ab29', 'I17f59e7763951f671f9c3c5b3cd06902c49c2c58', 'I1b7a786cbf8171d1d89048b1a2524adec89b1267']",['rdothirdparty'],Unit test,Integration test,Functional test,,,
nova-out-of-tree-pvm,197,"['I01c68d14ecdfd853b839b527c559c7aac675f336', 'I02305d3df61b7a37e20d3f5339e4820f83a0693d', 'I039c6490a18213b0b4e640b6ee3c58270314c8a5', 'I0409aba55487e92efa6370eed41936bf8a4ef25d', 'I045c6293ad1f96af7b9bb3961c93300641852d86', 'I04cff5f9b4bcca1b1d143b82d7490cbc4d88ebe4', 'I05c9168569c4c3eeeb83695a053b2fd94240157c', 'I0651417d18ee54e5c8b5b7292c27159b45e9acf3', 'I0681de217ed9f5d77dae0d9555632b8d160bb179', 'I06d78c744fa75ae5f34c5cfa76bc3c9460767b84']",['powervmci'],Integration test,Integration test,Integration test,,,
gate-tripleo-ci-centos-7-ovb-3ctlr_1comp-featureset035-master,193,"['I03e99d35ed043cf11bea9b7462058bd80f4d99da', 'I060283f19a9738e55c2665b94eb1f746a790de1e', 'I0b95bc6fd40aaa24626311182807df15f15d82ea', 'I0c45d764a86bf62da9e454af73cfa146beb45d0f', 'I0dd38ea4ffbe06eb10d7f86a9f87333c193ea398', 'I0ef8be542c3e4969e1bd3193e2e4bf7d4be73f55', 'I125c75e0a3389bfe8bf600fba5aa9c345ddcdeaa', 'I145a8212af53c3ed98ca04c316a980d8aea8ab29', 'I1602e66230255e57c739daaecb7be8cba83b0b6d', 'I17f59e7763951f671f9c3c5b3cd06902c49c2c58']",['rdothirdparty'],Unit test,Integration test,Functional test,,,
cinder-tempest-plugin-lvm-lio-barbican,192,"['I00f1bd46bc8715591016f59c32651fc2c9cddf35', 'I01ccc1acedb776cd4e2344cdc6adad167023c4f9', 'I0206bda27eed7257ef749cc3e8c41864ad6e18bb', 'I031aae50ee82198648f46c503bba04c6e231bbe5', 'I03a93bf14a5ba159b68bfba15a7f4f26c8200e36', 'I03efee569c7f7efec20a04755d6e7c7a60bf61ea', 'I05dfc996a635299990fdafba841ab6c4fd7d32c7', 'I07fe2e62a046f7276b6dcd78fd25c89412045d70', 'I07fec25c1790089563f1baf6f43a67f0dacf77a7', 'I0a53dfee61dc6372dce53445d4b252304c83c58a']",['zuul'],Integration test,Integration test,Integration test,,,
tempest-ipv6-only,191,"['I006e617e37f05d69267532fa744c9c12914cccb2', 'I00f1bd46bc8715591016f59c32651fc2c9cddf35', 'I023177c09cf035bbb29941cc5d4bb4cc6c60ed1c', 'I02f39d0f97e4cd3e30d477b46215fe1fa5f17f6f', 'I0671ed8d73ca8c0e3ba4aded81f395e20957d598', 'I07643fbe3e1e712b7eac716a7f671a2d513e920b', 'I08cd4787ab4c9539574237e26ba5bf6d4246b32e', 'I0933447e6caa0013f0b26dbf6532ff1976197e80', 'I0db516b184cf621e4539d11726fe1bd47b53ba05', 'I1178fb77a74010c3b9f51eea22c7e7576b600015']",['zuul'],Integration test,Integration test,Integration test,,,
tripleo-ci-centos-8-ovb-3ctlr_1comp-featureset001,178,"['I04a37f437e4a74dd0cd82800d820e7191714da37', 'I06e8e9766678af44a134bdaf420aed0bd151315e', 'I08d44d9811bd2666f6732c0541bbdd4a0345d265', 'I08fedd65bb4c97bbd73bf966ae763e4cdedebab2', 'I098de6def27fbaa47a9cf84ccdf0af085a2db901', 'I0a68b7d6181654f108e6095ff84ea83bbbb05e3c', 'I0b8c211f15bcc6437a94a848f386f17c115e963c', 'I0c5568a60da3d127d6d9b03a584928c5f5e91b73', 'I0d3587b575b0d32563ef24c7b1316c0b173a4268', 'I0f8d755da12f031b83c765412528feaea9fa0d1a']",['rdothirdparty'],Unit test,Integration test,Functional test,,,
tripleo-ci-centos-7-scenario002-multinode-oooq-container,176,"['I010f2cdfda402db96cc6b1358917292784ef60f0', 'I0145b3731ee63b6b05f79706c9ec90a14c1b06e6', 'I03e99d35ed043cf11bea9b7462058bd80f4d99da', 'I042944c3f24d22fa60d4ed13fd9a56c5b93f465f', 'I09808d819ab9be6a24fa556c340de9fc7bc54d09', 'I0c45d764a86bf62da9e454af73cfa146beb45d0f', 'I0e24d19cd17d35644fa02e989fa9ef592195b9f1', 'I11adec7104a59bfa29b00c702eb9b7eb6a5c6766', 'I1408d9ded18cdacbd1fb5410e70de2ef8104f950', 'I15e7659a91dd9aaec8cb5cb96d20e8c318609d61']",['zuul'],Integration test,Integration test,Integration test,,,
nova-dsvm-full-tempest,174,"['I00f92aac44d7b0169f94940ef389796c782b0cc1', 'I02305d3df61b7a37e20d3f5339e4820f83a0693d', 'I037d9b8c1bb554c3437434cc9a57ddb630dd62f0', 'I039c6490a18213b0b4e640b6ee3c58270314c8a5', 'I045c6293ad1f96af7b9bb3961c93300641852d86', 'I048747633babf690a63c6de9773bff5547872053', 'I04cff5f9b4bcca1b1d143b82d7490cbc4d88ebe4', 'I0651417d18ee54e5c8b5b7292c27159b45e9acf3', 'I06e08a7d0788606143cb9d5a500ca6bb36c907a0', 'I0886c9a1de72bb8beb105c6d67fd369d8b7edcb5']",['nova_hyperv_ci'],Integration test,Integration test,Integration test,,,
openstack-tox-validate,174,"['I01ef24a145b52782725ae274dec2a7b3c0243033', 'I02751b2058b9d671dc7a972ff44b882a5c53f0e5', 'I03358f3d601af3554f251fdb14f60dd98b6fd0a1', 'I0394d3d0af86a7d7f3eaac304d46df44bfbac409', 'I03bae99a1f926c0824599937ee2d5440b3e7d39c', 'I03bc3daab9f256d9776699996d0e531ceb85ac51', 'I048367c3efbdf9756e491668ce2c4472277b01c4', 'I04e5931416b5224e012fc97c3a7fd87c272f9782', 'I065d261cc6f1294d7b344800d75d5aa718fefd02', 'I06b7c4a36d64c704433fe30bb9bb085c73b4743e']",['zuul'],Unit test,Unit test,Unit test,,,
tempest-multinode-full-py3,173,"['I023177c09cf035bbb29941cc5d4bb4cc6c60ed1c', 'I029aa08cb7286e1b4cd995642928d667b87afb44', 'I09e0a796ede5509b84bd844488444d77f1763418', 'I0e0b9e88eea2499cb1b9727a7787c050c869c819', 'I0e664a5f8e792d85b8f5483fb8c6f1cd59a677cd', 'I1878f67e10df9bb1f8289beda8e59a56b5057fe4', 'I18d73b787fa3ab8803e12d5e5eb2bb7109205aba', 'I1bcb0ca68747e4c32523e41307dc132291c55f6d', 'I1d6125513cd8cb088b84c92497866f78955019a9', 'I1ddee94bd34182960de8e5261fbc99edc10b6654']",['zuul'],Integration test,Integration test,Integration test,,,
nova-tox-functional-py35,172,"['I0072978a4e1eb08d901a8923079bc9a4c6290c8c', 'I017d1a31139c9300642dd706eadc265f7c954ca8', 'I0390c9ff51f49b063f736ca6ef868a4fa782ede5', 'I048b22b2447b671228a7ba067e06c59b59e81ce5', 'I04ce1a829b01896d9ee69588bba06cee9aac1ddf', 'I0631aad1f4d2ce8b786cae74de16d7dd6e3b1411', 'I09420ff7134874dfe4dc399931c7740e81ecc2d0', 'I0a6051fcea7354bbc35b4542364d010c714231f0', 'I0ae2dbf66241207a425bf7d0fc02a4d2e2dea409', 'I0bf6d82b7c1a83419b8c54b085142af127b7a011']",['zuul'],Functional test,Functional test,Functional test,,,
nova-tox-functional,171,"['I039c6490a18213b0b4e640b6ee3c58270314c8a5', 'I05498a30646d8e718c700fcedff4657907062982', 'I06504aa2a3fe6d39ecc1e681de43be8fee9e06f6', 'I095bb71d2a5e451f2827f646aa5b3ed31d2ccac3', 'I098f91d8c498e5a85266e193ad37c08aca4792b2', 'I0a6051fcea7354bbc35b4542364d010c714231f0', 'I0bd63b655ad3d3d39af8d15c781ce0a45efc8e3a', 'I0d57101153d3dc1600b33afe3655a877d490fe13', 'I0e5db9b2f423ab92ff93b6b3aada7d6b79a7abf6', 'I10382329524bcd217299df15c586615193205bdc']",['zuul'],Functional test,Functional test,Functional test,,,
tempest-multinode-full,165,"['I019e88fabd1d386c0d6395a7b1969315873485fd', 'I029aa08cb7286e1b4cd995642928d667b87afb44', 'I041dc6e623b61748f2285c4aecead28af12ee15b', 'I04a0a00b8a33686038754f32c2f722e0e522fc4d', 'I04b04406e3917a63332199adf5c15b8e4ed6ca5a', 'I05e22c88e184df7d425411051c2a8bf846cb35ee', 'I062be26814b7265904ab5a3ae478250fb3bc0a0d', 'I06fad233006c7bab14749a51ffa226c3801f951b', 'I07d1e0bb27e19bd19911255c069fa27a42451264', 'I09e3d2461366bb439bcb817149ce807a232acfbb']",['zuul'],Integration test,Integration test,Integration test,,,
openstack-tox-py37,164,"['I0072978a4e1eb08d901a8923079bc9a4c6290c8c', 'I014392650849a7c18c7da85a211a8830c2b66c4f', 'I04ea8eb63de07a6e1e51c2790c5920b086b8542c', 'I0514ef22d430839def0d99cab193e20a9f5407fe', 'I06e1f7429c056c4ce8506b10359762e457dbb2a0', 'I0ddde05a6270e06e1aee7e1e3bd5de34cc25eb3b', 'I0e5db9b2f423ab92ff93b6b3aada7d6b79a7abf6', 'I0f8b6bf2b4f4510da6c84fede532533602b6af7f', 'I1207687d1b00416482ac34ad3250e7121d9b4352', 'I12d1200d8a11cadcc4f7b2604d51d8e5c73ea4b7']",['zuul'],Unit test,Unit test,Unit test,,,
tripleo-ci-centos-8-standalone,164,"['I0264d1c3d56995ed5dec6342a5f235936e807fe3', 'I028cd953cd6d4b03538a4e265876e8a93c8bba25', 'I04a37f437e4a74dd0cd82800d820e7191714da37', 'I088f435bfc0dfeb67b4b2c3400aaa08eb41d7c59', 'I098de6def27fbaa47a9cf84ccdf0af085a2db901', 'I0a6f9e56c5cac7c46e0e2048bfea546f1dcb7348', 'I0b8c211f15bcc6437a94a848f386f17c115e963c', 'I0fe7f3e30e21ade3d556b2d88c422a742c3e3a21', 'I1192c263e08e98a7465d92d8565845ab191ea626', 'I1221b8cd2145f9e3783ff0033a5092250a0d2c92']",['zuul'],Integration test,Integration test,Integration test,,,
tripleo-ci-centos-8-containers-multinode,160,"['I01dc61bbccb53ac43013048d6d40590e543fba40', 'I09233e84e022433220f2fa7b6758368191880566', 'I098de6def27fbaa47a9cf84ccdf0af085a2db901', 'I0a8b4dab3adaa0c8c48413c0f1d65db813291414', 'I0cbf2a0522a843ee73cc58c61cfafcb0b4ffd410', 'I0dda9fb6997d192da004e376bad747f6aa091a9c', 'I1166f22fef8e3f6b825343b4e2792ce9cfb10547', 'I148f6b3e616f2e3b06ff8d225ed7b370afd1f290', 'I16ffef72673d5fdea46b2cb004757546e665c455', 'I18868e853843d8602faa00a8faad8587462db08b']",['zuul'],Integration test,Integration test,Integration test,,,
tripleo-ci-centos-7-scenario003-multinode-oooq-container,159,"['I02082cb35b47b53d5e38b81aa0aa4eeb2d635eda', 'I021432e222fae0e57a13ca4859ba77e990ac6c67', 'I03e99d35ed043cf11bea9b7462058bd80f4d99da', 'I042944c3f24d22fa60d4ed13fd9a56c5b93f465f', 'I07d6a3e70b152cba95347587508fbcb241750d49', 'I09808d819ab9be6a24fa556c340de9fc7bc54d09', 'I0b76c432440f78cab8199eb30c0295d53f137659', 'I0b8d985b6442a183251d1c2a47a91fc2f5d0f978', 'I0c45d764a86bf62da9e454af73cfa146beb45d0f', 'I0c560cbcc62d551a0c12833ff1f347554cfe73bb']",['zuul'],Integration test,Integration test,Integration test,,,
openstack-helm-infra-kubernetes-keystone-auth,156,"['I00b2413ada7bed5d660247e2686510341f77866f', 'I04a8d5c074b7c1e6fa66617bbb907f2ad4dcb3af', 'I0a097443d42ad2e9b6be6c61facd7932ddb4b3bb', 'I0a4d5735a1a0ff13c317ffd95688973cc1cc3dfd', 'I0e3af4a3385f5b2a7705bc19b775863b16c2e08e', 'I0ebade75e18eced99fe16ba434558264b1793e88', 'I0f06e8ae0cd7742313b447dc2d563c7d92318fb0', 'I10ff398d7a552d5287d841ca39c77ea097f7e67e', 'I11e68a7b9e5df6657d8bf199b8030bc3fc51595e', 'I15d03a8893331d043df589f5498aaa965559bacb']",['zuul'],Integration test,Integration test,Integration test,,,
tox-py36,154,"['I02377f38efcbdb9f9ccf90702b0083161fc2d76c', 'I0a43b1b9d94925f3b6e7266434fb698e665dd42c', 'I0a60c92d8a75dac195f6b85de379b612a2148e37', 'I0d851a8773b73de54b0b777691a6a0d9f788f096', 'I1060a964cad9863ce24abe830622370a3dbfbf80', 'I10a593e26ac85b8c12ca9c82051cad809382f50a', 'I11920a13615de103eb3d8fb305eacbbcb30e5e40', 'I14a3ad24feffcee5e999bef30d7c774e4be4fb92', 'I16b940488cd0b3705c8f10b4c17fabfc77db368a', 'I1711653355ae26a3fff3bb6de3c6fca7113cdd01']",['zuul'],Unit test,Unit test,Unit test,,,
neutron-fullstack-with-uwsgi,153,"['I00c810fe541ac5e1e9923155fe90eb07a0b4b3dd', 'I019fe11ac1ddcf2304f3f144c62d52667fc11dce', 'I044980a98845edc7b0a02e3323a1e62eb54c10c7', 'I05394e49077a72199bbc80c8cb622ec2b17f2fa7', 'I05e0f3a3ad0abc02f97a89d63af9f58d5fa00549', 'I0671ed8d73ca8c0e3ba4aded81f395e20957d598', 'I08c712ff1b093370cda2ce66b93e2a0709094fe1', 'I1202a8388e64ae4270ef4ca118993504ae7c1731', 'I157645ed6d048de676dad5b2a93ab83a82880610', 'I1805a07cef7fc7d7b041e582a4d79fb1a805df71']",['zuul'],Functional test,Functional test,Functional test,,,
tempest-integrated-compute,153,"['I02b4e5b48c4974c426b8b576292f27f50565fb4f', 'I08d6b098492abfb216161fcdda152255583b6763', 'I08f2f07c0c695d1dd5b4fa72d0155e02b1872b0a', 'I0933447e6caa0013f0b26dbf6532ff1976197e80', 'I0d57101153d3dc1600b33afe3655a877d490fe13', 'I0f8b6bf2b4f4510da6c84fede532533602b6af7f', 'I1068850072e639ee268d68ca82249f569a40310e', 'I11d960b1b5eb3ff29e32ae83bfc8ceed0037f287', 'I1468ad4b724b8d0e3a855c329bd8c8af513d986c', 'I147bf4d95e6d86ff1f967a8ce37260730f21d236']",['zuul'],Integration test,Integration test,Integration test,,,
grenade,152,"['I01e083009b3ee3dc4885486efe641a3b88df7e1d', 'I023177c09cf035bbb29941cc5d4bb4cc6c60ed1c', 'I07fec25c1790089563f1baf6f43a67f0dacf77a7', 'I08d6b098492abfb216161fcdda152255583b6763', 'I0ae3f7a81ca7b56f56871e61bcf196ca572ae6d6', 'I0c339b4202299521468ef657a3a3de9a68b9cd09', 'I0edf2ac777bef888e760f711a94e3fe4f94262ae', 'I105a5c410b5921a652e2238dea8a74f53a8f8ccf', 'I11d960b1b5eb3ff29e32ae83bfc8ceed0037f287', 'I125c71ba69ed203c6029540064aa953ef2e07034']",['zuul'],Upgrade test,Upgrade test,Upgrade test,,,
tripleo-ci-centos-7-ovb-3ctlr_1comp-featureset001-rocky-branch,152,"['I01f052d8203180992dedf3917616c773e4bd5c18', 'I024fe5a924b34049918d2b0c2a7bdd38aefd35e8', 'I0264d1c3d56995ed5dec6342a5f235936e807fe3', 'I02670fe00f9d9d5ef12a2f3af5bede35442f1397', 'I065010492d9437812a7a5987e3bc9c3b9c7da3bb', 'I091d1fa29d30bcad332f1b02457104e689b88ebe', 'I093eff9d222859ea344359ddf8f33863f08a4e74', 'I102683b637d60afbdb3898c811ba5961b69fede4', 'I112409f248f0c4ae93b2469b12b740148d225542', 'I1297f82e035e80aefbfff1a27b7e220d03796cab']",['rdothirdparty'],Unit test,Integration test,Functional test,,,
tripleo-ci-centos-7-ovb-3ctlr_1comp-featureset001-queens-branch,151,"['I001e2f27d2b562bb0be87c8eaadcf3622e530498', 'I0264d1c3d56995ed5dec6342a5f235936e807fe3', 'I02670fe00f9d9d5ef12a2f3af5bede35442f1397', 'I091d1fa29d30bcad332f1b02457104e689b88ebe', 'I0aa878db62e28340d019cd92769f477189886571', 'I0b6ce6bb3561551465cb31ac7b0a8db680253561', 'I12cc140b443e42c16c05337cd4b194a7730e7dc4', 'I181e9d25f4bd460ea7a7165f1d9b74a16b4b80d4', 'I1ad35d3bfbbc8b9166b5da1eb9b7670ff0eb5e33', 'I1d31343161b6a228426f3b63f477ed839a2fbef9']",['rdothirdparty'],Unit test,Integration test,Functional test,,,
kolla-ansible-ubuntu-source,151,"['I00e35b443327365c3ec1065b69c68d44c8660abe', 'I017b65c2032648fa0ac7126d4a06cd98cb7c33a0', 'I03983947a4d509600d110506bec706961a23e41a', 'I0924f6bc11558366d6d49472cdd338e43b744030', 'I0adc85302dfe0411d362c899f3e0d6a0019680d4', 'I0b3457232ee86576022cff64eb2e227ff9bbf0aa', 'I0c31ad353e1fb764bc8e826cda5c3d092623f44b', 'I0db6c9cbf2af9ed9c701755a26f721aeac97d4cd', 'I0ebd68f0f5bcd989ddd1ffc6a85fed6c8a11ff6d', 'I102ed6ba3fff2c12cc6d37f81ad59508eacc859c']",['zuul'],Integration test,Integration test,Integration test,,,
PureFCDriver-tempest-dsvm-xenial-aio-multipath,151,"['I011e7142db5d54882fd2cd9c07276ac71a07b4b7', 'I024769114caafe8d0e70babd93382702f45aafcc', 'I031aae50ee82198648f46c503bba04c6e231bbe5', 'I0824fbecdd37623b9ddc8715a92fc6f540c45efe', 'I0ef2ec959f892acb79d8d08a31d9a8ad47c4350f', 'I0f78aa7dc04dc0d74fed7c2c84d3442f2993258d', 'I11df21a7a213a0700d277d57ceee40f636955c50', 'I12b868f9ce3f5c723dc14f3b1cc4a8e8a2ab7f5c', 'I1870633a5505bdb60d529fbda3147378b75e2b07', 'I1a2dd99fab742f7ad4d9aa470652bb5decb35359']",['purestorage-cinder-ci'],Integration test,Integration test,Integration test,,,
PureISCSIDriver-tempest-dsvm-xenial-aio-multipath-chap,144,"['I0885c83a2bdfffd3bbba23310665e5dff74fe5dd', 'I0c26c400f08d91c8c125c69e06e4c90302bcdbb1', 'I0d75d2bed6f7b3e70e4477617b954db71b1240ae', 'I0f78aa7dc04dc0d74fed7c2c84d3442f2993258d', 'I0fe6d4682a16cbe30e563079964a5275bac728bb', 'I102a3b27a2f8e55de117007b183d5c4ad40284fb', 'I107b0e2458bac5700e43e3740b6fc98ebac1f12e', 'I11df21a7a213a0700d277d57ceee40f636955c50', 'I135d2e5aa8a0a82ddd212eb8eba393e2fbef73ca', 'I16d9c228f0f8aadae2044ce8fb95d7738970b0d5']",['purestorage-cinder-ci'],Integration test,Integration test,Integration test,,,
nova-cells-v1,141,"['I001beb2840496f7950988acc69018244847aa888', 'I039c6490a18213b0b4e640b6ee3c58270314c8a5', 'I0409aba55487e92efa6370eed41936bf8a4ef25d', 'I05c9168569c4c3eeeb83695a053b2fd94240157c', 'I0a17ee362461a8ae2113804687799bb9d9216110', 'I0ae2dbf66241207a425bf7d0fc02a4d2e2dea409', 'I0bd63b655ad3d3d39af8d15c781ce0a45efc8e3a', 'I0e63ab37d584ee3d7fde6553efaa61bfc866e67d', 'I0ec0c2d3f7ef8d2274b97a28a175d53921edc9db', 'I0f3ab6604d8b79bdb75cf67571e359cfecc039d8']",['zuul'],Integration test,Integration test,Integration test,,,
tripleo-ci-centos-7-scenario004-multinode-oooq-container,139,"['I010f2cdfda402db96cc6b1358917292784ef60f0', 'I03e99d35ed043cf11bea9b7462058bd80f4d99da', 'I042944c3f24d22fa60d4ed13fd9a56c5b93f465f', 'I09808d819ab9be6a24fa556c340de9fc7bc54d09', 'I0b8d985b6442a183251d1c2a47a91fc2f5d0f978', 'I0c45d764a86bf62da9e454af73cfa146beb45d0f', 'I0cf87affde7333fd5844fb3112d58dda043d6a39', 'I0dd38ea4ffbe06eb10d7f86a9f87333c193ea398', 'I0e24d19cd17d35644fa02e989fa9ef592195b9f1', 'I11adec7104a59bfa29b00c702eb9b7eb6a5c6766']",['zuul'],Integration test,Integration test,Integration test,,,
tempest-full-test-account-py3,138,"['I023177c09cf035bbb29941cc5d4bb4cc6c60ed1c', 'I02bc587601976f5972b2926d94ce5133b3590a52', 'I04a0a00b8a33686038754f32c2f722e0e522fc4d', 'I052255db0b76cd68e707869ede523d45e3266ee3', 'I0680fe4a6590aa3c4887d338a02b04fabfcdbb11', 'I07bde710581270766f049c7147246971fed6cd91', 'I0ae3f7a81ca7b56f56871e61bcf196ca572ae6d6', 'I0b0eca96b68dcb37219d035961a500f7f453c6b9', 'I1878f67e10df9bb1f8289beda8e59a56b5057fe4', 'I19861b2832f140eac0ad5397091a6333e2f40618']",['zuul'],Integration test,Integration test,Integration test,,,
neutron-tempest-plugin-designate-scenario,138,"['I02ffed238897ebc91b96aebb7f94ed90b7613769', 'I02fffe77f57a513d2362df78885d327042bb8095', 'I04ea8eb63de07a6e1e51c2790c5920b086b8542c', 'I0671ed8d73ca8c0e3ba4aded81f395e20957d598', 'I08c712ff1b093370cda2ce66b93e2a0709094fe1', 'I091f4449979e6e6d5263f58e1d14bc053abe3b3b', 'I0b56973f7500ce236b29ab858047f65d704347e1', 'I0e664a5f8e792d85b8f5483fb8c6f1cd59a677cd', 'I0fbfcc7919f1b17b6bb0026fa9b98f157168255e', 'I127fbd25433e39905c3b83bbe914f027ab45ef3f']",['zuul'],Integration test,Integration test,Integration test,,,
neutron-rally-task,137,"['I023ccbd405bc41379007d87a9c1051970aa8d603', 'I05deec2f021e1b146fa3f6f7f9b37084df06d59d', 'I0671ed8d73ca8c0e3ba4aded81f395e20957d598', 'I0739458ac31307d651376a33a835336285d2c7dd', 'I0e664a5f8e792d85b8f5483fb8c6f1cd59a677cd', 'I0fc4ffd5db2673cefcd01307555d1a3900bb12e8', 'I1542dc4cf98658fc9a40018192498c7a5cd1c3fe', 'I175511acef0e661bd1f282f37b1e528959c118a5', 'I1805a07cef7fc7d7b041e582a4d79fb1a805df71', 'I187ab3bf04d19c07c3f04ffb2161399a7dfd7ff3']",['zuul'],Integration test,Integration test,Integration test,,,
tempest-full-pike,135,"['I00e5b75290f10e86c8e45b5d224ef66d7938bb69', 'I029aa08cb7286e1b4cd995642928d667b87afb44', 'I02cf519230e7ed10387f042903c5a39eb4ac7c97', 'I0613c36e9cc512a1aba1f7952ffbc7447b05198b', 'I091e648620d2986d57a8bb2b50399cd1f22fa36f', 'I0979c468b67957309a5c877f084eaf4c47007e6d', 'I09d756be69cb3a9be8d0638c41d45a089d62b238', 'I09e3d2461366bb439bcb817149ce807a232acfbb', 'I0d9956cac27fd4dbb527fd865aa152e4724c01f9', 'I0fca827be8109124a05fd5474715b766065abcf2']",['zuul'],Integration test,Integration test,Integration test,,,
neutron-functional-python27,135,"['I024b8ef73be69af069e4516dc501df3f5c145419', 'I070dd78a26d269a4f094cc37d3fcff709682be35', 'I07474713206c218710544ad98c08caaa37dbf53a', 'I09116a4323763db12917e03f354cf0ef25289fd0', 'I0e664a5f8e792d85b8f5483fb8c6f1cd59a677cd', 'I1137eb18efaf51c67fab145e645f58cbd3772e40', 'I15df276ba7dbcb3763ab20b63b26cddf2d594954', 'I17ab643abbd2ec21eda4ae1dfb9abf2d4b0657f2', 'I219a925d5e269b8c73a0481daa879d72c399fd8f', 'I21cc5683839bbb3fb8a649908080919c1557811d']",['zuul'],Functional test,Functional test,Functional test,,,
horizon-integration-tests,134,"['I01c5ccb5c8f7ceb827a3978157b4d76805d259c1', 'I04d5c3ce7f7e0a9a38251e975b68bfa1998e556f', 'I05ce933e5bd01bf59a52e7d49facce26efa693aa', 'I0672a516083727c245f1d4fa5b10eed9cd81a726', 'I0db8a05e488eb6bf276760d5116d05633c882701', 'I106b250e632305365aaab4d881c9ba5ea93505b3', 'I106cb5227ca8c4f0a6f9d81c37e745a6f304de45', 'I16e1a6c1bee39aa16b4f1507291f782b0bb80be7', 'I173f4d647474c21c5d062280bd5703edffb4978e', 'I17469f7f710a0ea6c72a0b265e6f42698c57b602']",['zuul'],Integration test,Integration test,Integration test,,,
nova-lvm,133,"['I06c4408995d4bad0a4560e8e9cd5298d4bb6b043', 'I0b81282eba8238d8b64a67e38cf9d6392de1f85c', 'I0e1241ae691afd2af12ef15706c454c05d9f932c', 'I12a5d28d75bc32a76a4f3765cb4db4cbc46c0c75', 'I14a1efa15aa6c4228aba4017072ffe80ecefe564', 'I163e57f581856b5c14dcd039b7d95f06b9b4019a', 'I16e7df6932bb7dff243706ee49338ba6b3782085', 'I181b3bf433b0fcef92ef4d430e9858506f24153c', 'I1a33fadf0b7439cf06c06cba2bc06df6cef0945b', 'I1ae22197dc68751938f524d823f39e5c89cec7b0']",['zuul'],Integration test,Integration test,Integration test,,,